<?xml version="1.0" encoding="UTF-8"?>
<!DOCTYPE hibernate-configuration PUBLIC
		"-//Hibernate/Hibernate Configuration DTD 3.0//EN"
		"http://www.hibernate.org/dtd/hibernate-configuration-3.0.dtd">
<hibernate-configuration>
    <session-factory>
        <property name="hibernate.connection.driver_class">com.mysql.jdbc.Driver</property>
        <property name="hibernate.connection.password">india@123</property>
        <property name="hibernate.connection.url">jdbc:mysql://localhost:3306/hotelmanagement1</property>
        <property name="hibernate.connection.username">root</property>
        <property name="hibernate.dialect">org.hibernate.dialect.MySQLDialect</property>
         <mapping class="com.infinite.hotel.AdminDetails"/>
          <mapping class="com.infinite.hotel.CustomerDetails"/>
          <mapping class="com.infinite.hotel.HotelDetails"/>
        <mapping class="com.infinite.hotel.Room"/>
        <mapping class="com.infinite.hotel.RoomBooking"/>
        <mapping class="com.infinite.hotel.BillingDetails"/>
        <mapping class="com.infinite.hotel.Payment"/>
    </session-factory>
</hibernate-configuration>
